[
  {
    "username": "username",
    "weight": "0",
    "height": "0",
    "bmi": "0",
    "bmiClass": "testing"
  },
  {
    "username": "test",
    "weight": "120",
    "height": "1.9",
    "bmi": 33.2409972299169,
    "bmiClass": "Obese Class I (Moderately Obese)"
  },
  {
    "username": "test",
    "weight": "120",
    "height": "1.9",
    "bmi": 33.2409972299169,
    "bmiClass": "Obese Class I (Moderately Obese)"
  },
  {
    "username": "test",
    "weight": "120",
    "height": "1.9",
    "bmi": 33.2409972299169,
    "bmiClass": ""
  },
  {
    "username": "test",
    "weight": "120",
    "height": "1.9",
    "bmi": 33.2409972299169,
    "bmiClass": "Obese Class I (Moderately Obese)"
  },
  {
    "username": "test",
    "weight": "120",
    "height": "1.9",
    "bmi": 33.2409972299169,
    "bmiClass": "Obese Class I (Moderately Obese)"
  },
  {
    "username": "test",
    "weight": "120",
    "height": "1.9",
    "bmi": 33.2409972299169,
    "bmiClass": "Obese Class I (Moderately Obese)"
  },
  {
    "username": "test",
    "weight": "120",
    "height": "1.9",
    "bmi": 33.2409972299169,
    "bmiClass": "Obese Class I (Moderately Obese)"
  },
  {
    "username": "test",
    "weight": "120",
    "height": "1.9",
    "bmi": 33.2409972299169,
    "bmiClass": "Obese Class I (Moderately Obese)"
  },
  {
    "username": "test",
    "weight": "120",
    "height": "1.9",
    "bmi": 33.2409972299169,
    "bmiClass": "Obese Class I (Moderately Obese)"
  },
  {
    "username": "test",
    "weight": "120",
    "height": "1.9",
    "bmi": 33.2409972299169,
    "bmiClass": "Obese Class I (Moderately Obese)"
  }
]